id;distances_Q1;distances_Q2;distances_Q3;distances_Q4
1065003; 27250,9508;11797,1758;25548,1503; 75016,20263
1065002;  8916,0503;    0,0000;13514,1975; 95513,98712
1011006; 33219,9157;10510,0784;35375,8324; 30597,43492
1009001; 47211,4494;    0,0000;18116,4107; 33705,22416
1011004; 58231,3242;    0,0000;16412,8101;  9062,50383
1009002; 56761,3524;22539,3488;58442,9467; 55709,19111
1031005; 48713,8190;15761,4546;36290,8433; 28333,90240
1011003; 60637,2947;16218,5603;17997,2844; 12138,20944
1011001; 40413,6889; 8163,1976;13591,5839;     0,00000
1011002; 28756,0389;12399,6517;    0,0000; 17593,75982
1013001; 26562,1256;    0,0000;    0,0000;     0,00000
1083003; 22647,1214;13633,8978;    0,0000; 34531,64595
1083001; 32239,7662; 9466,3989;13290,1902; 28386,27846
1004004; 10818,9346;    0,0000;19293,5387; 32569,99942
1031007;  8903,7336; 4239,2858;23958,8082;     0,00000
1031002; 38795,2077;    0,0000;28985,6921; 12566,00233
1013007;  5177,6552; 3247,1637;    0,0000;  3718,78531
1013006; 30709,0322;    0,0000;26713,5997; 18623,14865
1013002; 25641,0958;    0,0000;16118,0262; 15331,43244
1083002;  6797,9322;    0,0000;14547,0824;  9198,56696
1081002; 14596,1964;37794,2300;12825,8889;     0,00000
1032004; 50731,9203;22888,0757;18024,6516; 19420,69740
1031006; 41107,2550;26224,1071;27765,1564; 47754,57673
1032005; 37644,1577;31810,0399;10667,4095; 63183,49978
1064004; 50075,9583; 4410,3226;46577,3094; 16585,55798
1083007; 17156,4485; 7525,0185;10180,2945; 18909,87117
1011005; 33507,9311;10060,5505;    0,0000; 11289,80299
1034001;     0,0000;    0,0000; 5747,4280;     0,00000
1034003; 36419,8687;    0,0000;    0,0000;     0,00000
1031003; 36881,1433;15911,9084;20323,8415; 11524,81002
1031004; 11621,3537;38647,4737;11952,7975; 10039,85918
1032006; 26958,1616; 1027,5430;29383,3258; 97474,60364
1032001; 59095,2039;16027,5127;    0,0000; 41724,30079
1081005;     0,0000;32936,2476;11624,3879;  8245,39590
1040003;     0,0000;    0,0000;29236,6920; 49110,22405
1081003;  7752,4202;24044,3049;    0,0000; 16738,50035
1030004; 27844,0434; 2963,6270; 8698,1654;     0,00000
1013003; 20168,4253;10141,5830; 8902,7301;     0,00000
1030002;  2657,5943; 8911,6324;    0,0000;     0,00000
1030008; 17162,5281;    0,0000;10962,3191;  7321,60013
1034002;  5901,5061;    0,0000;    0,0000; 17193,45139
1030003; 35833,9708;14929,4894;17925,6670; 36589,98624
1030006; 48883,4883; 3114,1700;19253,7905;  9997,12652
1012007; 15230,2810; 7183,3828;11837,2518; 37060,29621
1032002; 51365,5048;    0,0000;19981,1466; 65383,71262
1040002;  6574,4655;    0,0000;40620,0894; 74540,29054
1032003; 56122,0364;    0,0000;13571,2937; 29907,33825
1047006; 30649,3264;    0,0000; 9167,1365; 61777,11654
1048001; 64967,4542; 8540,8586;14236,9218; 51405,58048
1031001; 33970,1715;    0,0000;28661,9847;  1918,73098
1046004; 65184,9568;    0,0000;11980,1792; 15578,69515
1046005; 35062,6566; 9148,6895;14612,6268;     0,00000
1030005; 10590,8379; 5420,7386;19405,3506;  9471,88986
1013005; 12999,7786;    0,0000; 8796,7283; 12272,30558
1030001; 51353,9116;    0,0000;    0,0000; 21034,27984
1047008; 53772,4125; 6770,2165; 6937,2719; 28428,30790
1024008; 51561,6877;14676,9789;26721,1936; 25289,28216
1033007; 27245,4643;16163,6028;    0,0000; 16120,23124
1007003;     0,0000;    0,0000; 1157,8799; 18426,72934
1026005;  1628,7525;    0,0000; 9883,4857; 21246,75531
1017003; 67824,4609;48109,0145;19703,0639; 39383,32100
1019001; 23314,3088;    0,0000; 7981,8351; 57990,41995
1024003;  5295,1860;11866,9694;43048,3569; 30732,53965
1015001; 85719,4651;12423,3411;    0,0000; 81112,49897
1015003;104295,0198;11327,9639;26360,7911; 41791,55016
1017004; 42089,6223;23288,1924;14207,0492; 35098,88806
1016002; 67474,1689;38054,2258;32324,2710; 21900,22740
1024005; 35792,8692;12126,4229;18635,5851; 44184,19143
1024007; 34778,9937;    0,0000;59791,6323; 45164,92557
1019004;  5111,1018;15103,6895;10900,8465; 34118,81775
1047001; 30350,3200;11759,7552;    0,0000; 45920,56187
1047002;  8996,6767; 8267,3175;22300,9340; 61379,15147
1004003;     0,0000; 4091,9287;23506,2290; 36913,66359
1005002; 29815,2225;47678,8580; 5032,6718; 55333,54173
1047009; 24712,4790;13735,0104;    0,0000; 39392,28949
1048007; 77719,2121;18403,8846;14869,9356; 47838,15248
1048004; 78831,7358;    0,0000;41698,4676; 41353,69376
1048005; 61856,0387;15028,2371;42486,4809; 62845,19855
1015004;116016,9880;    0,0000;19069,8877; 43970,56852
1048003; 80203,8662; 8278,2955;51192,8189; 58964,68756
1047004;     0,0000;10142,1688;30474,0870; 54974,62966
1012006; 64838,8530; 9865,8360;53701,2132; 83170,65313
1047007;  2459,5005;    0,0000;11554,1676; 68941,32714
1047003; 13045,2794;13240,7161;15507,2129; 65266,81526
1046001; 63673,0053;21202,1383;    0,0000; 21215,03768
1047005; 32781,8397;22311,8895; 9022,3167; 59684,90248
1012009; 45634,2897; 3846,1987;    0,0000; 26370,52118
1012001; 81135,4853; 8255,5640;11223,1690; 75436,30129
1046002; 78060,1777;    0,0000;15752,8203; 56361,01219
1012003;113393,0481;25110,2338;14359,2108; 78717,30325
1012008; 92431,3157;19282,8697;34932,6575; 81927,44161
1026004; 20409,8591;22115,5912;21737,4099; 39971,93324
1026003; 28415,8520;    0,0000;24293,2192; 28807,23091
1007002; 20910,8072; 5214,4414; 8430,6465; 36486,46365
1026002;     0,0000;26231,5662;24956,4750; 22348,36591
1033001; 12654,2942;22326,5252;36421,7656; 33294,70180
1004005;     0,0000;24222,0275;12327,6576; 67956,27308
1005003; 24749,4741;66390,1306;    0,0000; 44217,81666
1024002; 24530,1617;    0,0000;31043,4367; 61704,86143
1024001; 45885,5978;21065,8830;25231,7714; 69002,38239
1024004; 33334,0258;11838,0143;33760,3259; 69062,20906
1033005;  8705,8478;25588,7590;17289,9457; 36118,40475
1033004; 28626,5939;43991,3548;14697,7631; 13793,88679
1046003; 70788,8108;26252,6613;15500,6768; 61325,73768
1043002; 41273,0641;21131,5889; 3486,1887;     0,00000
1007001; 50751,9250;24630,6748;19092,5509; 23151,48720
1048002; 84832,6656;13061,6666;45894,5849; 26036,26672
1004001; 28368,7914;45241,0926;16777,1995; 46974,45986
1005001; 33391,7677;35473,1630;29941,3184; 39949,78732
1048006;106971,9971;14261,0302;50314,5279; 39172,20231
1043001; 76928,3337;    0,0000;29708,1262; 19352,05386
1003005;     0,0000;21881,8366;59515,8746; 41597,13283
1018006; 21564,9227;    0,0000;37044,0003; 18507,45515
1079004; 33985,7145;21858,3965;17280,1432; 20039,75987
1085002; 47420,5300;32397,7521;    0,0000;  7761,99172
1036006; 31883,1450;29975,6878;26613,6501; 41361,35919
1086001;  4650,1386;18152,1226;    0,0000; 15642,63899
1039005; 60537,9896;    0,0000;12151,3559; 40939,38307
1039006; 53035,7687;21959,6797;36628,4740; 20701,53263
1003001; 12345,5865; 8898,4472;69754,8019; 17359,87093
1003007; 43174,7733;46152,3462;47668,9694;     0,00000
1071002; 87534,3787;47933,2178;18251,8081; 27817,29955
1086002; 68085,7249; 9004,2968;46165,2691; 20437,14022
1086006; 21647,1259; 4371,9895;10270,1349;     0,00000
1085003; 77913,9748;15208,6861; 8890,4297; 27817,71276
1036002; 34710,3301;22750,9861;    0,0000; 12965,15746
1036005; 35001,4318;27276,7922;18090,6599; 19328,03902
1036001; 54017,6451;45367,8743;19992,5314; 41546,34123
1036004; 42384,0574; 7593,6327;11868,5417;     0,00000
1018003; 24511,4582;11219,1044;28154,6030; 11717,19275
1039004; 69186,1657; 7602,0607;18391,1762; 40718,93909
1086003;   217,1061;    0,0000;12274,6257; 27429,24214
1086004; 49240,6494;14409,8291;40862,2784; 11612,63784
1025004; 17346,2497; 2323,1445; 7357,3590; 28936,67561
1085005; 60780,6741;    0,0000;37722,7006; 28599,51446
1085004; 66857,8675;23143,8414;25762,8220; 35181,36498
1036003; 14091,0037;16400,5750;17556,6057; 33388,93501
1058007;100873,9442;43307,4930;17945,0752; 30502,57426
1018005; 47406,8197;11741,9563;40290,1784; 10284,73635
1079003; 48030,1239;62328,9116;13415,5761;     0,00000
1017005;  9763,0550;32592,4949;16715,4339;     0,00000
1001008; 38671,6927;39123,5010;16575,0692; 26619,84089
1038002;  4760,7012;35568,7310;19543,0405; 24844,88480
1001005; 26466,7360;14856,1990;13105,2051;  6651,53874
1038004;  2007,2241;  890,2591;43497,0317;     0,00000
1087005; 25622,4923;41111,0688;35859,6500; 13406,98278
1019003; 49460,8038; 8714,6142;25097,3150; 44734,06141
1063008; 70188,0725;    0,0000;31886,1195; 11284,48064
1063001; 64486,8386;    0,0000;30261,3495; 32667,22088
1016003; 49583,8684;44175,0647;13858,9970; 12861,50019
1063005; 89058,1102;    0,0000;59079,0634; 17931,41111
1015002; 81901,1382; 4174,3420;15601,2547; 47702,56630
1063002; 78671,1439;    0,0000;56517,4917; 18456,81635
1017006; 11714,7202; 1699,9959;    0,0000;  3138,44951
1017007; 18527,8839;33701,8311;    0,0000;  8602,34824
1024006; 20004,9379;18327,4726;71931,9939; 25178,86287
1087006;     0,0000;19181,4150;35735,0569; 10358,83416
1087004; 21266,7819;    0,0000;73317,8116; 13288,34092
1016001; 58144,4319;40419,8099;42382,6996;     0,00000
1016006; 70348,5820;41609,8798;28167,9127; 20496,01475
1001002; 59096,0877;25165,0834;    0,0000; 42101,05692
1087003; 21382,0769;12081,6088;54952,6168;     0,00000
1069001;     0,0000;    0,0000;33322,6808;     0,00000
1001009; 33919,2786; 3283,3386; 8234,7454; 14220,31160
1069005; 28598,5186;    0,0000;10897,0671; 15269,10858
1071006; 65891,6389;    0,0000;    0,0000; 21252,05567
1001003; 51887,9790;17008,7113;  492,3135; 32029,07354
1001007; 78022,2512; 5737,5947; 1891,8907; 30271,96223
1071005;101061,1343; 5600,5730;22232,0750; 16573,79710
1023005; 43835,1832;27779,8351;47981,0644; 41662,69078
1023002; 50165,6535;47764,7658;57566,5741; 22961,26656
1023007; 59378,3316;52033,8437;41358,9842; 35298,26205
1063006; 15107,8344;42770,1701;76426,5131; 17644,26659
1069004;  9508,0163;    0,0000;23131,3827;     0,00000
1001004; 52162,3332;28196,7528;44212,2309;  5353,41298
1001006; 70462,9727;27123,9265;17229,4351; 22679,13599
1087001; 48439,7868; 7125,2498;64487,5571; 14973,50478
1087002; 64684,6312;26227,2236;52889,6783; 28769,22111
1023003; 18035,0613;36966,3474;45490,2479; 57420,73378
1023001; 36341,1221;48036,2663;70972,0518; 52812,91653
1069003; 39754,5602;12701,7599;    0,0000; 26130,64943
1003004; 70774,7026;38796,0108;29291,6575; 20731,72336
1003002; 57834,4353;13262,5647;19735,6397;     0,00000
1003006; 10066,9299;37893,9391;69064,4348; 13916,49569
1071007; 72839,5378;25619,4233;16667,8875; 37916,84546
1041001;     0,0000;11018,9634;46202,9825;     0,00000
1041002;  3412,4753;10916,0062;53802,5794; 10123,93625
1068002;     0,0000;31424,7384; 5770,6962; 28664,05118
1070006; 12967,8533;    0,0000;44421,1059; 12339,27188
1070001; 34473,0500; 2014,6795;22324,8417; 27899,13662
1053001; 98220,4570;    0,0000;31071,4734; 11925,47197
1053004;113808,8022;22168,0445;13097,1926; 19067,37834
1072007; 88265,8792;20261,4669;37343,4876; 18514,82605
1049003; 83466,9377;11235,3844;43707,9478;  9555,24838
1072004; 66773,7276;39150,0908;40050,5692; 15954,01644
1037002;  5726,7793; 8242,0257;57834,4070;  8534,09316
1072001; 39977,8205;29980,7104;43823,3324; 20539,04753
1041004; 10211,2145;    0,0000; 7163,5660; 19921,22900
1070004;  3832,1815;10490,4151;39102,8016; 40908,46196
1088008; 10070,8160;22015,7477;10764,9029; 25341,56209
1088002; 14605,9300;14281,6412;10383,7178; 49856,80039
1070003; 17532,5636;15750,6571;27112,3203; 51026,61648
1088004; 38119,1347;17191,1472;32954,5077; 54634,08767
1052005; 55202,9763;15292,3023;    0,0000; 32769,82685
1021003;105516,8072;19158,0447;28275,9246; 35685,99153
1035004; 80116,9449;33600,9041;10121,4426; 15908,21854
1044003; 52364,2964;37252,1851;34128,9033; 34620,50460
1035001; 56546,9513;40782,9477;29436,6787;  5728,94966
1044002; 30061,8197;39374,4451;37960,6513; 23834,10083
1044005;     0,0000;42239,7537;    0,0000; 30168,13260
1049006; 85758,0262; 9001,0611;31913,8285; 14960,44128
1041006;  7226,4397;    0,0000;70244,2692; 17464,79707
1053002; 98094,3435; 9579,8104;16578,2495; 16393,18940
1053005;117848,8824;14000,3005;13510,2723;     0,00000
1072005; 61870,0890; 1486,9122;51841,2858;     0,00000
1072008; 96295,8511;26360,2168;32644,3390; 13305,99625
1028002; 24864,1263;    0,0000;47752,7341; 17397,03363
1045001;     0,0000;14409,8785;50967,2822;  9394,34364
1045006; 13000,3510;17366,2602;47002,3202;     0,00000
1072009; 37850,2074;13346,0106;77333,3509; 17314,14216
1089007;115801,1794;17820,8817;54601,7007; 18284,65312
1010004; 72458,0935;24570,3376;21298,9685; 10703,14902
1035006; 42423,5526;22792,0556;42948,5444; 12006,37201
1056004; 16593,2368;32312,9324;13186,4988; 56410,25064
1056006; 53427,7298;    0,0000;21385,3151; 33359,93313
1035007; 90618,5052;41892,5758;16312,2097;     0,00000
1045002; 43028,8829;13494,8224;33025,9026; 18697,60545
1045003; 41579,2178;14091,2709;44503,2166; 25629,65256
1035009;101451,0293;31241,2535;    0,0000; 15035,88000
1010003;102754,0788;33392,0894;50378,8768; 11532,49655
1052003; 75421,2828;    0,0000;12526,8037; 49379,52471
1035005; 76547,8438;14669,6099;16633,3562; 11192,05964
1052001; 39175,0942;21524,7930;12390,3948; 56169,92868
1045005; 30393,4821;35716,5261;14804,0219;  8900,72548
1067002;     0,0000;14790,4161;    0,0000;  5102,87490
1053003;126411,1436;28051,9152; 9953,2341; 12553,13060
1053006;129552,7590;36054,2572;    0,0000; 10683,17530
1041003; 30818,6138; 9194,8650;88029,9134; 37388,88391
1072003; 57605,9963;    0,0000;74032,2286; 20129,39450
1028006; 58129,9919;    0,0000;65805,9455; 20753,99616
1089006; 79147,1970;10165,4812;16280,2079;  6128,27638
1089004; 50445,2869;14956,8139;    0,0000; 33922,49418
1068003;     0,0000; 4629,5475; 4403,4540;     0,00000
1088001; 26522,5899; 8306,7215; 8394,3149; 24724,22663
1022002;111417,8180;40619,2372;    0,0000;  9447,39837
1022001; 81744,5190;21937,1712;11808,2805; 29617,94650
1088005; 37046,6996;    0,0000; 4967,3702; 21464,86829
1088006; 55242,6483;14424,9597;21148,9860; 32166,93441
1045007; 51206,8595;25990,6073;10121,2022; 26529,51084
1035003;119686,1339;17611,2057;    0,0000; 19885,07351
1050005;159308,6943;10427,9381; 7550,6435; 48426,60265
1072002; 91736,1843;11737,2163;33818,4973;  1830,09720
1088003; 18709,3503;12344,4944;    0,0000; 35487,30528
1088007; 43424,0627;    0,0000;10272,1870; 14928,99215
1010002;104679,1409;23674,1301;47214,6294; 21711,26146
1010006; 73945,2489;37836,8079;37532,5872;     0,00000
1028005; 32535,9451;15909,0892;14511,7829; 15689,56023
1078003; 25924,1930;28635,9857;    0,0000; 24205,50840
1072006; 86789,0762;    0,0000;54577,8193;  3661,84963
1061006; 97919,0891;11529,1288;47871,4968; 18274,08620
1061001;111914,9327;12507,3641;22440,7919;     0,00000
1053007;122556,3973;25080,0942;12136,2697;  9290,92198
1010005; 38145,3530;11294,5285;21614,0646; 15276,89809
1088010; 15312,1121;    0,0000;21590,0921; 20965,09535
1054001; 28519,3087;15864,6918;33679,2699; 12371,10614
1054002; 38760,3635;19405,7910;34076,4972; 10605,46049
1067001;  5989,1945;    0,0000;    0,0000; 12436,78388
1022008; 34248,0777;17221,1348;23976,8085; 44273,06109
1022009; 66246,2956; 6130,8428;    0,0000; 44586,41084
1077003; 36330,1541;14628,2731; 7411,7913; 44725,98993
1077004; 13189,0377;    0,0000;17446,5918; 49453,20209
1077002; 12732,9713;18843,5744;    0,0000; 18975,86097
1078002; 22530,2582;18790,1316; 9187,7799; 16507,34844
1052004; 95064,5328;13307,0164;42120,1983; 24060,37861
1010001; 62021,1830;18728,1240;28822,1103; 10774,98069
1052006;118434,4427;    0,0000;55069,3021; 15561,74698
1061004;150029,5027; 1920,2517; 9449,1060; 32488,06265
1061003; 69336,3676; 2259,3747;56266,6234; 20937,59986
1028003; 70953,2110;13810,8823;34083,4898; 10784,89482
1054004; 43621,9375; 8942,4277;26231,5399;     0,00000
1054009; 63455,1992; 6489,4971; 8924,6421; 13084,68017
1054008; 84525,3694;12983,8178;    0,0000;  9788,56554
1027006; 63830,1921; 4201,0100;10631,0519; 34234,05641
1055007; 85722,9056;18431,8509;10119,8572; 23449,92470
1055001; 91978,1154; 4231,5760;26090,8954;     0,00000
1054005; 69765,0661;12307,4724; 8352,2952;     0,00000
1054003; 24343,0664;31335,6440;53367,2429; 24111,24254
1051006; 77708,6342;    0,0000;36352,1285; 11803,88363
1051004; 22523,8076;13274,2366;    0,0000; 22941,67934
1078001;  4935,2722; 9104,1463;10733,5984; 11746,86167
1078009;  1646,7835; 7124,7405;    0,0000;     0,00000
1059001;     0,0000;24781,8570;35731,8621; 15993,24618
1059003; 27265,4742;27454,9737;16973,6946;     0,00000
1080003; 19060,1076;36057,3350;52026,6049; 14053,14781
1080005; 34637,4456;12999,6245;13511,5634; 17736,16109
1080002; 22107,0193;41665,0672;48028,9225;     0,00000
1062006;     0,0000;29672,8830;45745,7151; 20530,84647
1059008;  7759,4631;    0,0000;    0,0000;     0,00000
1059004; 12434,4718;16648,8118; 5100,9352;     0,00000
1060007; 40679,8198;41604,5958;53942,1448; 12687,05624
1076006;  8977,8552;17550,6786;43288,0008; 16368,28242
1080001;   985,6500;50866,4480;65914,3547;     0,00000
1060002; 58204,0355;17994,3663;50887,8297;  9512,73656
1008002; 14950,6414;17649,4556;52848,3550;  8445,00073
1008003; 39066,9767;    0,0000;29706,4646; 19032,30327
1008004; 12358,3978;25663,9961;47366,4998; 26475,64956
1060008; 63695,1875;    0,0000;14886,2978; 41773,05662
1076001; 45363,6730; 8359,4278; 1016,8267; 17376,49213
1076005; 74988,1236; 3412,9173;    0,0000;     0,00000
1002003; 53744,0701;16301,4210;    0,0000; 11342,53580
1002005; 43951,1377;17357,9861;    0,0000; 17277,43333
1076003;     0,0000;15088,0794;33329,7784;     0,00000
1076007; 50261,1039;    0,0000; 9214,4585;     0,00000
1059005;     0,0000;    0,0000; 4790,7849;  6628,01820
1059002;     0,0000;    0,0000;10938,4749;     0,00000
1062005;  3199,2280;19362,0425;    0,0000; 11659,32005
1062007;  9421,8391;15616,0530;17860,4811;     0,00000
1059007;  8114,9500;    0,0000;    0,0000;     0,00000
1062001;     0,0000;14087,1072;26332,3496;     0,00000
1057005; 52837,5552; 5514,7733;31257,4397;     0,00000
1055006; 66636,4676;    0,0000;13828,5877;  9695,09980
1055004; 32156,3765;23452,8507; 8103,4747; 26543,13262
1051003; 58456,4417; 4725,9903;23145,6239;     0,00000
1051001; 53609,7906;10231,0544;13822,6407;     0,00000
1014002;145361,8583;19538,1656; 5191,1621;     0,00000
1014006;183960,7271;    0,0000;    0,0000; 23985,53842
1050001;144749,0431;    0,0000;17847,3368; 32722,23883
1078008;  2298,4803;    0,0000; 1268,4966;  7436,49187
1078007;  4068,1910;    0,0000;11624,1621; 15810,61336
1027002; 54544,2953;10845,3129;    0,0000; 36025,83318
1027001; 97473,8559;    0,0000;15582,9375; 11348,35905
1027004; 65855,2391; 2741,3094;    0,0000; 12586,26547
1057007; 34293,9925; 3271,0577;53047,0272; 35889,29180
1057006; 49008,6423;15506,9540;38985,0555;  9237,81733
1057002; 60375,6450;11786,5835;53167,1151;  8827,65122
1057008; 47349,9218;    0,0000;40478,3639; 22254,45006
1057009; 28734,5419;    0,0000;34818,5185; 13518,43462
1078004;     0,0000; 2442,1324;14561,7720; 10072,88080
1051005; 60422,1882;20354,7568;27554,2919; 15852,03235
1008006; 32286,2699;10327,6255;47187,9573; 18037,85131
1008001; 29132,4004;30826,5683;28272,4430; 15349,87486
1008005;  3383,9475;33538,0517;43866,7996;     0,00000
1055002; 51007,3045;26813,5533;10013,3596; 17081,39671
1028004; 47016,1170;    0,0000;24379,7482; 12786,44934
1078005; 30181,6392;14647,8207;19288,5510; 25740,51536
1061005;108160,6595;    0,0000;32154,0299; 19794,48315
1014004;118793,8238;15351,3628;13629,0524;     0,00000
1051002; 43034,4858;    0,0000;10509,2321; 15511,84059
1027005; 83198,0553;    0,0000;16222,9711; 12091,20393
1060009; 18819,2866;    0,0000;16998,4223; 19337,03188
1060006; 23786,4088;10859,7543;11686,5101; 34707,11615
1002004; 39821,8714;13752,3009;    0,0000; 22670,17093
1002001; 20749,4685;17103,5633; 9798,9048; 23894,45070
1077001;  5728,6714;10716,6218;    0,0000; 15548,10245
1060003; 24516,1858;14998,0830;31479,8409; 10998,65174
1054006; 73401,3064;    0,0000;12174,5964; 11856,90787
1075001;     0,0000;    0,0000;12013,1259;   464,64112
1075002;     0,0000;  161,4098; 5465,2752;     0,00000
1050004;180327,0614; 1604,1184;    0,0000; 39048,31418
1050006;189671,1462;21555,8468;    0,0000; 37721,53282
1057004; 14105,0424; 8399,7995;26148,9224; 26095,60973
1027003; 49491,4676;10446,9771; 8238,3526; 14036,08009
1055005; 25150,4614;49409,1133;20026,0527; 19185,59544
1060001; 32586,1711;24394,5976;40881,6926;     0,00000
1060005; 46209,3979;    0,0000;17938,6122; 36191,96227
1025001;  7155,2289;18338,7406;44140,7830; 19855,34993
1025003; 27552,9947;12333,4659;11960,2544;  7458,78790
1044008;  3366,5510;60702,0232;20584,8451; 15563,19502
1049007; 64909,2131;13289,7306;46643,5482; 18499,38131
1049008; 48345,8661;16241,0755;20614,3906; 14570,71195
1039002; 80755,3587;12216,9971;    0,0000; 16493,83734
1071003;107185,3738; 1798,4332; 7221,0143;     0,00000
1021004; 81062,0795; 9416,9509;11905,2300;     0,00000
1037007; 16080,3190; 4972,6825;39594,4251;     0,00000
1037003;     0,0000;    0,0000;11253,2079; 16169,07684
1025006;  1681,8791; 4125,7412;40590,9898; 43285,45484
1037001;  8712,1518;    0,0000;49922,3874; 12987,80479
1089001;104320,8998; 5536,6275;36192,5165;     0,00000
1058002;116631,2485;    0,0000;65458,8775; 27167,65470
1058006; 90041,3598;    0,0000;64686,0063; 12492,26278
1070002; 40192,0224;    0,0000;18168,9010; 13308,23668
1049001; 61763,5180;26473,7789;20742,8009;     0,00000
1049005; 26548,1364;13472,5800;    0,0000; 18022,57328
1079006; 26786,0787; 8714,0314;18399,7431; 40467,64343
1049002; 43415,1852;25261,0161;10977,7008; 11704,98869
1021006;122767,3972;    0,0000;33345,2261; 22782,66508
1058001;113384,6059;25567,3740;21283,2092; 35091,03600
1071001;118365,7306;30146,2932;    0,0000; 19322,62758
1058003;113494,8088;12435,1994;36797,5046; 31231,57732
1079001; 48148,0665; 8448,3334;19964,9313; 33970,94810
1085006; 60793,0173; 9484,3395;37432,2930; 23999,19154
1039001; 56866,3271;    0,0000;    0,0000; 27192,00292
1025005; 66085,0732;13385,6202; 6631,7588;  7922,25690
1021002;126683,8172;40375,6834;    0,0000; 15907,93161
1021007; 93870,0101;23938,3750; 7126,5366; 14726,16280
1058008; 70110,6020; 8268,7166;51089,2248;     0,00000
1044006; 29124,6492;44007,6506;44355,7136; 10552,50928
1044007; 30302,7707;43438,6605;47513,2834;     0,00000
1058004; 94289,6118;    0,0000;61285,7676; 35143,29776
1044009; 18868,2255;44383,3082;29121,3337; 18093,06500
1041005; 13007,7966; 9642,3845;41817,5400;  9930,56308
1037005;     0,0000;17735,7634;29295,1017; 21290,53801
1044004; 54250,1775;17749,5100;66153,7494;  5585,82975
1044001; 59365,1199;34262,9588;53559,9700; 17062,39430
1018004; 83192,7675;  851,5822;39435,5370; 14494,85874
1063004; 60375,7894; 8744,1141;64547,9721;     0,00000
1071004; 80449,7547;10434,0619;  523,2766; 26281,04237
1063007; 43450,5353;15805,8673;44973,2671;     0,00000
1016005; 48259,1253;18060,1851;45787,4677; 11598,85359
1046006; 56777,5254;12259,7619;27399,0301; 81986,81628
1024009; 54542,8998;18744,7399;32928,3292; 74431,87071
1022003; 53752,5585;    0,0000;20004,9564; 63369,47612
1016004; 45369,7901; 4707,3849;65382,9357; 29291,18781
1029002; 29566,8191;34627,2484;13904,2434; 39146,10694
1022005; 66784,4087;10814,4949;13506,9015; 65022,50311
1014001;155378,9694;28818,3684;    0,0000; 17338,21880
1050002;197079,6358; 9092,6109;11936,4369; 27251,73143
1067005; 10546,6697;    0,0000; 7786,1253; 30721,50141
1062002; 16696,3802;32086,5850;25935,3817;  5673,81134
1029007; 43675,2381;62631,2651; 1391,4596; 31777,93136
1029003; 33925,1300;39406,6311; 8766,7320;  6242,57973
1040001; 18794,7542;    0,0000;45486,3988;  3781,64144
1064005; 51953,5029;    0,0000;16289,9993;     0,00000
1021005; 72916,2314;12484,6871;25792,2164; 11229,40767
1029004; 57551,5499;21092,7318;10156,1449;  4848,38030
1029001; 82820,3823;10909,3930;37764,7952;     0,00000
1056001; 29906,1937;41839,0734; 8561,8251; 13752,11193
1056002;  5305,1578;49723,7713;30513,0087;     0,00000
1029009;     0,0000;66842,4416;16199,9494; 12104,06118
1066001; 36311,0179;14374,8011;20628,3682;  4347,22671
1066003;  1101,7745;28041,9789;39978,4652; 20983,27268
1009003; 18187,9412; 8492,3619;36851,0485; 49334,27354
1066002; 48860,1223;    0,0000;31322,9405;     0,00000
1083004; 10459,1867;18931,0294; 6581,4390; 32062,63981
1083008; 11495,6162; 4757,9740; 6365,2710;  5834,64971
1012002; 32307,3967;    0,0000;18449,2167; 55158,93559
1004002; 11974,3036;36217,0875;25288,4806; 33193,97605
1033006; 30788,2890; 5260,0070;38038,3861; 28057,10890
1005004;  4515,0883;40177,8999;18416,3031; 56843,48374
1038001;     0,0000;32409,1019;10101,3981;     0,00000
1037006; 11869,7276;27498,2651;15144,0719; 29812,95162
1001001; 26992,6301;21892,3135;20245,8676; 32896,87807
1068001; 17618,5565;47147,9000;    0,0000;  1904,24907
1029008; 20178,2117;61089,2017;    0,0000; 33111,78183
1056008; 33440,4787; 9451,7429;13726,2353; 36789,47278
1035002;119334,2333;16458,0310;16255,6135; 12492,75737
1022004; 84947,1020;38889,4644;10958,4259; 15003,24797
1067004;  9554,5316; 5130,9261;19017,2876;     0,00000
1059006;  2438,9012;12578,3799;18852,5675;  6896,72665
1050003;177856,4788; 7771,0650;47282,5629;     0,00000
1062004; 16838,7819;39979,9195;12161,4622;     0,00000
1050007;181434,9704;    0,0000;34117,2216;  9660,64960
1079005; 56616,8578;36033,7398;23654,1390;  9467,72848
1034004; 12710,3625;27683,7871;16089,7367; 14604,27408
1065005; 25976,4902;18449,7753; 9078,4866;103111,79401
1081004;  8730,9267;27905,6725;18998,8749; 12997,69959
1031008; 23479,3847;23599,8524;12651,1240; 11070,02853
1081001; 23207,5159;31612,8069;    0,0000; 17066,67396
1012005; 55523,8456;12287,3161;13217,3456; 46232,33124
1030007; 57877,5346; 3851,1276;11991,7827; 24925,03253
1040004;  7181,5102; 8460,8864;57430,7739; 41962,94527
1019002; 37039,8432; 8391,1886;    0,0000; 59683,08733
1038003;   458,3612; 7163,5232;24626,5114; 11605,11120
1012004; 71474,7422;    0,0000;23681,3170; 63746,20587
1026001;  9978,4188;17017,7156;13501,4671; 45814,75175
1043003; 31235,1151;12874,6918;    0,0000; 12171,70053
1039003; 72820,5163;    0,0000;26525,2815; 36083,84197
1018007; 56951,6261;14280,9346;    0,0000;  9786,62302
1058005; 74894,2834;35795,4321;34209,9781; 13307,66667
1058009; 56993,1794;30327,4824;66743,9536; 12155,27565
1069002; 25090,9724;    0,0000;23597,7321;  7718,89272
1079002; 63995,1090;42240,7162;24136,3916; 13357,17133
1023004; 13086,9508;45291,8445;75362,1214; 40578,11359
1023006; 39986,1953;53664,1323;45072,5519; 45757,40066
1003003; 25805,5657;24802,6674;49474,8000;  1629,36480
1045004; 56884,2315;    0,0000;19806,1478; 36287,95982
1089003; 78435,2997;    0,0000;10666,6448;  8912,34715
1089005; 91147,9844; 5873,4887;41643,7174; 19943,99205
1056003; 53938,6403; 2003,3496;15387,1779; 43787,87457
1056007; 25320,5449;26077,0137;20029,0429; 24002,76636
1070005;     0,0000; 8919,3987;24689,2554; 50857,12770
1052002; 59576,7222;18175,9535;19193,7554; 45743,57296
1054007;  4494,9732;18974,3754;32721,4974; 31483,98041
1022006; 48833,7675;19668,0287;15986,7486; 52805,03019
1028001; 42444,3360;18671,1603;25255,0300;     0,00000
1055003; 98839,7315; 8839,5127;10108,3714;  9122,54203
1061002;135082,5578;    0,0000; 4512,9839; 17162,84815
1077005;     0,0000;15508,7961;11930,7391; 31702,96567
1002006; 26292,9188;31589,6542;11391,3740; 25425,70435
1062008;  9682,7300;14292,3181;42261,2928; 11708,91100
1080004; 59760,9999;13801,0179;26676,0179; 13788,20361
1002002; 70472,2390; 8823,4272; 9072,6681; 47685,27360
1076002; 52401,3754;    0,0000;14447,7567; 13219,58475
1076004; 46999,1380; 8804,6609;27912,2545; 11971,35785
1062003;  2291,3430;    0,0000;21989,1976; 10550,31519
1057003; 38500,0594; 6083,1171;25184,9965; 12073,73383
1014003;154924,5599;  572,6866;    0,0000; 11116,11552
1014005;105804,8728;    0,0000;20467,6886;  4038,29350
1055008; 44051,7863;12795,8743;    0,0000; 18850,41865
1078006; 16249,7114;13646,3171;11944,7482;  8279,96579
1060004; 35455,3407;10100,7920;44435,6058; 12413,64356
1037004; 29137,9002;11530,4783;10977,8485; 16615,07102
1018001; 41402,2632;16012,9866;12852,6906; 19425,05504
1018002; 65332,2985;17053,7530;14064,3364;     0,00000
1025002; 42405,8605;22365,5723;21295,5482;     0,00000
1049004; 69728,1225;    0,0000;42157,0846; 24568,27545
1056005;  3755,9228;45870,4818;28327,2308; 17867,37674
1089002;140927,3645;    0,0000;44929,8976; 24580,38655
1063003; 76796,6322;    0,0000;50516,0959;  9314,25166
1064002; 21417,0373;    0,0000;15758,3459; 32042,48464
1064003;  9819,5043;11805,0682;    0,0000; 77483,10831
1065001;     0,0000; 7086,6344;12514,7713;104667,50546
1064006; 23001,3261;    0,0000; 5856,9613; 55782,45354
1017002;     0,0000;    0,0000;22394,7474;  2674,46275
1017001; 24487,9791;32760,6093;13769,8886;     0,00000
1013004; 29279,4945;    0,0000; 1610,1059;     0,00000
1021001;129864,2988;16928,7314;12739,6327; 18349,80007
1084001;     0,0000;    0,0000;    0,0000;    55,57132
1057001; 23979,2087; 7820,0860;26799,3381; 47901,10037
1033003; 65279,8758;38600,8396;11619,7080; 16266,43168
1033002; 49133,6532;58600,8292; 9257,1480;     0,00000
1085001; 27224,3989;19920,4544;34693,6596; 36414,05862
1083005;     0,0000;    0,0000;    0,0000; 10124,10737
1083006;     0,0000;    0,0000;    0,0000;  6152,52721
1029005; 82165,6850;    0,0000;15855,3624; 13243,95367
1064001; 47383,8889; 8083,0539;33110,4831; 27477,92711
1029006; 65341,2461;18304,9360;    0,0000; 36876,77398
1022007; 83647,4880; 3835,3251;17945,4272; 62305,34995
1035008;116210,1195;22490,8372; 9681,9601;     0,00000
1083009;  4226,3801;    0,0000; 6140,8289;     0,00000
1026006;   238,1113; 1743,6995;    0,0000; 30214,36182
1056009; 24134,5785;17579,0759;    0,0000; 29502,62647
1065004;  4267,4979; 5904,1645;    0,0000; 87748,59156
1086005; 44052,6893;    0,0000;20289,1440; 19147,14122
